,Model,MSE,RMSE,R2 Score
0,KNN,0.2654534328358202,0.5152217317192862,0.9619500209205833
1,Random Forest,0.03910123970149335,0.1977403340279705,0.9943952453855013
2,SVR,0.002643349544569231,0.05141351519366509,0.9996211034312272
3,Stacking Regressor,0.0014938618656721323,0.03865050925501671,0.9997858704928804
